data,address,win_rate,followers,trades_30d,pnl_30d,pnl_ratio,sol_balance,wallet_age_days,tags,twitter
2026-04-16,4BfWVLy15vLYfCbZ3MJk1vSkVBZaKZZPUKWLgwMqZpZh,0.428,63,3284,19529.74,0.054,15.04,40.0,smart_degen,
2026-04-16,Hs5uA7ifgdTLMPh2dQwYBckHmjeoLb4nUHwu9sM63tCi,0.675,64,919,7955.48,0.028,0.0,69.0,"fomo,smart_degen",
2026-04-16,HerkeyfRFFi7fWuykrBZpKc733NxHU7DhYrSBKebLX1D,0.375,10,1358,7647.48,0.064,1.15,338.0,"axiom,smart_degen",
2026-04-16,CMWnXmtdmtttMMNu9YrzPfuEauS8sF9RomA1dkrvzdJq,0.657,21,1040,3341.82,0.031,0.0,129.0,"fomo,smart_degen",
2026-04-16,RaVenxw8kykBbW7KGBaBsb7fDkkBYK4uJVDSFun6ZxR,0.804,1045,42434,-487.4,-0.0,23.2,264.0,sandwich_bot,
2026-04-16,3oe7aYLUw2Pkbm7QMAhAjn5WbzaoG9tigkrX1mAecr1P,0.332,40,815,10300.0,0.047,0.05,153.0,"fomo,smart_degen",
2026-04-16,JAGPLMkgPWRxFJekMU8DRHRurw968GGYHRMEKUWheYcD,0.397,24,2426,5752.71,0.052,9.9,35.0,smart_degen,
2026-04-16,CqF3gUDojKuVdd6zBk2GZBTG84aAQ2b7tYeeyS18Sd2Z,0.537,239,12067,26411.55,0.008,48.32,49.0,smart_degen,
2026-04-16,FrZHQpVnDWppBn5BGVMZJ3Ub5txnnoymEsiBae6ZAZRb,0.548,11,4581,3643.8,0.026,0.99,17.0,smart_degen,
2026-04-16,EqfCCCcgYAqntbaNuE3Rz8UiJ5LGtfge5gPX4ng4Fg61,0.72,54,1202,1827.18,0.016,43.08,165.0,"padre,smart_degen",
2026-04-16,EqS3FuQ1EQs4V5tfmAKw4JmBDwvVJRyJu3x9vCy1vvtA,0.643,50,6231,10479.61,0.012,0.06,52.0,smart_degen,
2026-04-16,undwZZbXFTXAizTeeNpmygJDa4pWopEr1UCDSWpyo4y,0.667,19,619,1520.61,0.013,2.32,5.0,"fresh_wallet,smart_degen",
2026-04-16,CVxUKFrWDYkE3gsZP9gyVmLD6XkXykk2ukKhAfNrJev8,0.547,142,4448,8577.72,0.024,2.03,369.0,smart_degen,
2026-04-16,EjFnryt66QzmF4TETzaukibHdvRtoy2mvaf7WjfakVfU,0.506,4,264,4477.63,0.183,25.27,97.0,"gmgn,smart_degen",
2026-04-16,8SZnC4nicCmRBz1HZzFS1YrwMFEaEnkVi4k2oh5GEYV9,0.622,25,980,4774.93,0.026,0.33,173.0,"fomo,smart_degen",
2026-04-16,6qNdKb3A3zTZf4JpNbH6E6gKfwCHkNir4UUycC1eY9eh,0.463,11,865,2338.38,0.026,1.97,227.0,smart_degen,
2026-04-16,AemF6ySZeEpcg74vYK6K7JbGTzGwF2sYuQMKbqsvDaYG,0.484,28,1088,2746.62,0.022,0.08,435.0,smart_degen,
2026-04-16,4CH1wgHqyirN8KR3o9L8oYNpDtRmDccCtiRJjnjLtnYp,0.443,76,1006,7216.42,0.047,0.1,77.0,"fomo,smart_degen",
2026-04-16,ANcjgwPUScahAHTSTqnsfzPipuZNiNnVPjBACGDWmjjg,0.344,37,6150,7232.14,0.031,2.18,402.0,"axiom,bullx,padre,smart_degen",
2026-04-16,9bh68CX7yQ4bKBZdYqkWxS5WPzAMCyA7bJaFFddwbMZd,0.632,14,2502,520.43,0.005,55.19,16.0,smart_degen,
2026-04-16,HHgnYPAzvnUxvAPsBccisnZL8SRHR4PpKtRUTnjVfbdq,0.34,22,1363,6096.36,0.031,26.25,27.0,smart_degen,
2026-04-17,RaVenxw8kykBbW7KGBaBsb7fDkkBYK4uJVDSFun6ZxR,0.803,1045,41898,13161.24,0.002,18.18,265.0,sandwich_bot,
2026-04-17,8hfoNZCd2bK9aqCBkhg8f2L1AoL7qfHwd9tMv7x64qui,0.987,163,4827,11055.42,0.044,3.57,405.0,smart_degen,
2026-04-17,Ha3jPXVWz2VoESCEEH8YP8StcYF7p2A2hadUEd6bqu4w,0.544,2,836,3040.96,0.06,93.66,6.0,"fresh_wallet,smart_degen",
2026-04-17,92SZ12mxhQRehyDJuGfxSVvZPK5kGt6J87quRcfpsJcu,0.984,31,1375,5489.41,0.046,0.53,448.0,"gmgn,smart_degen",
2026-04-17,hnu5iBK8UoHb51UFsH1RYTUAYdrhjHvV5YMTf9T1CYN,0.485,1204,12648,80426.08,0.027,25.12,403.0,smart_degen,
2026-04-17,FpMpRBgywxDc6WCRN18MssALoGCge3prn42QE5f6unLP,0.612,22,617,3552.46,0.083,57.58,54.0,smart_degen,
2026-04-17,7s8wTs7LiSsMxNCZbRjX7fsH4UDs8GDaBJe3DsB8mFzk,0.601,85,628,1974.64,0.041,61.31,53.0,smart_degen,
2026-04-17,FrZHQpVnDWppBn5BGVMZJ3Ub5txnnoymEsiBae6ZAZRb,0.542,11,4729,3618.42,0.025,1.28,18.0,smart_degen,
2026-04-17,4oCkJH5RQMCvgS4qLozDEjmDBPQLmrdzucMoyCPEA2Nn,0.53,27,1560,11673.16,0.024,0.0,69.0,"fomo,smart_degen",
2026-04-17,AemF6ySZeEpcg74vYK6K7JbGTzGwF2sYuQMKbqsvDaYG,0.491,28,1112,4057.63,0.031,0.03,435.0,smart_degen,
2026-04-17,zeronaXJsbvPZFmzytV4RPXWBHQGMFcRCvoYaDNPiRL,0.776,37,12604,22807.09,0.041,0.19,45.0,smart_degen,
2026-04-17,EKMyLLujPDEQLLc7Xvx7ojc5rr5nFQPkvpoYK7bENH2,0.994,20,1620,5309.78,0.047,0.4,15.0,smart_degen,
2026-04-17,J7GR6XoJfCPwZumW9xZ1nbWkyaq1oYSQuSVmCdBTx6Nf,0.99,907,4201,39257.47,0.045,50.74,247.0,smart_degen,
2026-04-17,CMWnXmtdmtttMMNu9YrzPfuEauS8sF9RomA1dkrvzdJq,0.658,21,992,2726.53,0.027,0.0,129.0,"fomo,smart_degen",
2026-04-17,9fpUmh3Tv3UCdeHLyq3o4QhkTBu5XAbEiKP9FtGaSndb,0.526,590,1108,4914.72,0.028,217.4,403.0,"axiom,bullx,padre,smart_degen",
2026-04-17,9bh68CX7yQ4bKBZdYqkWxS5WPzAMCyA7bJaFFddwbMZd,0.627,16,2570,471.19,0.005,49.11,16.0,smart_degen,
2026-04-17,FTaSBuVj6w2S7XUa8fw19xrLy57DDr6kZDL6sxDXtvTP,0.444,357,761,13125.85,0.052,9.79,94.0,"gmgn,smart_degen",
2026-04-17,GoonY5hPo63xAPCwkyWuFmQ57HWq8wj5Bevj2D222U4u,0.483,20,1199,4716.02,0.034,17.74,51.0,smart_degen,
2026-04-17,4CH1wgHqyirN8KR3o9L8oYNpDtRmDccCtiRJjnjLtnYp,0.449,77,1068,7758.32,0.047,0.17,78.0,"fomo,smart_degen",
2026-04-17,AA4CroVKXUi7fro5gJ7SYD3TR8G1DwVri4LE97rVZvJi,0.327,19,292,2074.36,0.123,11.7,430.0,"gmgn,pepeboost,smart_degen",
2026-04-17,AEqPi4RCD7uRXmMB5ec6V4ehT74Ra2kEdmqVqtHUmyLh,0.36,80,6204,7075.99,0.013,34.78,212.0,"axiom,smart_degen",
2026-04-17,3kSUZ79VEfpy9Uw9sWnB1jG2GwmTQSCcn72NH57s1rCx,0.573,106,3149,23196.95,0.023,0.0,64.0,"fomo,padre,smart_degen",
2026-04-17,BCagckXeMChUKrHEd6fKFA1uiWDtcmCXMsqaheLiUPJd,0.428,23801,30779,90387.72,0.101,573.39,403.0,"axiom,bullx,gmgn,top_renamed,wash_trader",vibed333
2026-04-17,G9QgVrF6onFT7L3qC2Yu74awhxiTqf3fRpc8QAirN79X,0.516,12,1711,4592.65,0.029,0.0,15.0,"fomo,smart_degen",
2026-04-17,4X77FRfDnQRhER7AmFXSxXRdqobi1Fa7hingewBDVgSc,0.539,10,2133,3329.94,0.031,14.68,401.0,"axiom,gmgn,smart_degen",
2026-04-17,29MQSvY6jzGsJLUojdTquofUgrzTusk1JUaqwJ6ac1MF,0.318,4,739,6669.68,0.106,0.1,6.0,"fresh_wallet,smart_degen",
2026-04-17,HrxQAC92gUmR8chzW4kZshYYbfnz1hepurvKDMJm8smv,0.491,47,1725,12326.91,0.059,0.14,100.0,smart_degen,
2026-04-17,E2tVJXu8GFjxxYeFftLSoqz9L15qVoqpDEiFGB7YJC8s,0.483,16,1039,3825.29,0.047,5.21,270.0,"axiom,smart_degen",
2026-04-17,DH2karT59SbVQzQKjtNomMLpdPJgvkp5NX9b2VcUvhBP,0.564,68,1030,5552.61,0.069,4.67,317.0,"axiom,smart_degen",
2026-04-17,JESUSL2s5BsffGNNn6wQtHART2iXVGjtGhKAwGw44bL,0.884,61,8927,22792.95,0.053,0.69,79.0,smart_degen,
2026-04-17,6nBi2HFVZHJF6Kn2zvr1ninZkjZNrc1XiQhGzXjg4GF,0.437,12,1343,1314.75,0.01,0.08,432.0,smart_degen,
2026-04-17,CqF3gUDojKuVdd6zBk2GZBTG84aAQ2b7tYeeyS18Sd2Z,0.539,252,11900,30101.14,0.009,36.07,49.0,smart_degen,
2026-04-18,Ha3jPXVWz2VoESCEEH8YP8StcYF7p2A2hadUEd6bqu4w,0.54,2,1145,4238.91,0.061,106.19,7.0,"fresh_wallet,smart_degen",
2026-04-18,BBStxbUjJUtifFF1zzGz45aXE8y5nSGfWWRkPHd66hLL,0.341,126,4689,3819.46,0.012,7.82,351.0,"axiom,smart_degen",
2026-04-18,undwZZbXFTXAizTeeNpmygJDa4pWopEr1UCDSWpyo4y,0.663,21,875,1981.19,0.012,2.89,7.0,"fresh_wallet,smart_degen",
2026-04-18,GrehxZss67nnc7AzrFRLc5vsuRqNHKLjDuvzjeh52xVu,0.637,25,2909,4129.87,0.008,0.43,34.0,smart_degen,
2026-04-18,HV56TXHsEzNd1bpia84zGkrhvSVuBayG5vh9KjneoYMf,0.476,106,3258,9582.01,0.021,171.81,518.0,"bullx,smart_degen",
2026-04-18,4X77FRfDnQRhER7AmFXSxXRdqobi1Fa7hingewBDVgSc,0.536,11,2208,3786.32,0.034,9.01,402.0,"axiom,gmgn,smart_degen",
2026-04-18,J7GR6XoJfCPwZumW9xZ1nbWkyaq1oYSQuSVmCdBTx6Nf,0.986,924,4367,38980.77,0.041,57.74,249.0,smart_degen,
2026-04-18,J2ECnk4MJQ8boxN77ss8fTkQRQxG7JmEUEGbARjxBPaz,0.483,12,931,2393.86,0.051,22.47,73.0,smart_degen,
2026-04-18,BCagckXeMChUKrHEd6fKFA1uiWDtcmCXMsqaheLiUPJd,0.43,23870,30833,82562.57,0.091,592.23,404.0,"axiom,bullx,gmgn,top_renamed,wash_trader",vibed333
2026-04-18,3oe7aYLUw2Pkbm7QMAhAjn5WbzaoG9tigkrX1mAecr1P,0.346,46,946,13296.64,0.046,0.03,155.0,"fomo,smart_degen",
2026-04-18,92MZw35nSRYbyVFZEu8XwB7U2Ta2mUxzN1FvDLYHEVmc,0.621,36,3235,7961.24,0.012,2.59,377.0,smart_degen,
2026-04-18,RaVenxw8kykBbW7KGBaBsb7fDkkBYK4uJVDSFun6ZxR,0.803,1044,43275,17698.12,0.003,29.87,266.0,sandwich_bot,
2026-04-18,RTYizu6bjvFTBfiS56cEoqkKRqk5xa5VBKsHQUeUNDs,0.65,47,2575,7997.56,0.016,6.79,58.0,smart_degen,
2026-04-18,EqS3FuQ1EQs4V5tfmAKw4JmBDwvVJRyJu3x9vCy1vvtA,0.641,52,6441,11366.63,0.013,0.29,53.0,smart_degen,
2026-04-18,81xmRQ78DFWkhuyN6wzzpxN8pSxnAwC4kqXDQzYXk2UV,0.304,50,1849,19448.27,0.169,19.72,17.0,smart_degen,
2026-04-18,HNUE6Wej1mPhE4949vKANZYW5qDnbv4CgaahhNyuqMvi,0.602,10,2352,2973.97,0.021,11.0,,smart_degen,
2026-04-18,77eg8ZALn2CuEs2ErACpBsuzcG5nRoDkK2eyrGQNfxD2,0.697,37,1858,7073.99,0.023,0.32,303.0,smart_degen,
2026-04-18,FTaSBuVj6w2S7XUa8fw19xrLy57DDr6kZDL6sxDXtvTP,0.459,359,809,14472.73,0.053,52.62,95.0,"gmgn,smart_degen",
2026-04-18,AGBeezMQfr2m9ZKyw8npDVFpJzjf1He9fRB25gtQ9zAk,0.573,101,844,26363.04,0.156,7.45,405.0,smart_degen,
2026-04-18,DtVW93ZP44qLvxgNbyDUcHhJFEYUxLD8qEEb5bXJKeWx,0.68,46,2004,8863.76,0.027,0.33,110.0,smart_degen,
2026-04-18,132G9sFk454Y39oePxuyqJNAT1Vy25hWwqNk5RQKk53H,0.3,7,975,1214.81,0.03,1.46,26.0,"padre,smart_degen",
2026-04-18,5y8UkeqUMaN5rnRjDi1AG8wxpQdgJA4mHsx7AUVTVhNp,0.352,0,448,1320.66,0.11,0.0,91.0,"smart_degen,trojan",
2026-04-18,8hfoNZCd2bK9aqCBkhg8f2L1AoL7qfHwd9tMv7x64qui,0.987,169,4860,11337.51,0.041,4.61,406.0,smart_degen,
2026-04-18,ZFAtwikUzRkPYxgtfK3eLif2eBBwDxxC3htMfVHjz2e,0.464,6,1212,5754.88,0.023,60.11,3.0,smart_degen,
2026-04-18,CEUA7zVoDRqRYoeHTP58UHU6TR8yvtVbeLrX1dppqoXJ,0.372,1750,1548,18620.17,0.031,406.42,404.0,"axiom,gmgn,smart_degen",
2026-04-18,9fAHLu6DHtvxk4fMubeGNigEr1Dj1aFxeb1w2ABTLZEJ,0.556,282,280,7243.69,0.071,9.21,126.0,smart_degen,ucsir46296722
2026-04-18,ARC5JvKVCcnitPgTmmqV9xc1FJUPB43AEWPU1iMdYM7k,0.508,213,4813,33881.4,0.085,27.25,157.0,"axiom,gmgn,padre,smart_degen",
2026-04-18,5fHJszey2UdB2nETS1y6NS2wSG4ic9byKtbgJzaYzGeV,0.466,684,4719,28494.35,0.075,22.31,417.0,"axiom,bullx,gmgn,smart_degen",
2026-04-19,852fhBHC6vothi3SThF38pUfKzyFhm2d8zoA6RSEjRis,0.373,4,516,1182.1,0.105,0.0,92.0,smart_degen,
2026-04-19,undwZZbXFTXAizTeeNpmygJDa4pWopEr1UCDSWpyo4y,0.676,28,1056,2607.78,0.013,3.31,8.0,smart_degen,
2026-04-19,5y8UkeqUMaN5rnRjDi1AG8wxpQdgJA4mHsx7AUVTVhNp,0.362,3,511,1356.75,0.104,0.0,92.0,"smart_degen,trojan",
2026-04-19,BQR9GL6FVgNeERPp129AM6hSRPXM6HX1HxMf1z5bWmQn,0.304,3,501,1369.28,0.138,0.0,91.0,"padre,smart_degen",
2026-04-19,AvQuWcqAVnoqRZm6a8XaN9vQfXHNTiJhTSpt6AuX4rGz,0.459,36,2465,13003.6,0.075,53.51,86.0,"gmgn,smart_degen",
2026-04-19,BUjNTwwiwX6r5pcJqy27BQNstLo93Vu7HZNkoeApct6q,0.327,26,611,11231.87,0.106,85.99,9.0,"photon,smart_degen",
2026-04-19,DHvSkhQfpNhEqf7bpFbM3P52JF9MtNeVEiDhn5ZEktF9,0.33,56,990,4470.6,0.035,43.64,168.0,"axiom,fomo,gmgn,padre,smart_degen",
2026-04-19,XJ7tbEKnrwvioTxABhEtwmG4AWkGEDDJASstUzBgh7x,0.627,73,982,10672.76,0.036,1.72,155.0,"fomo,smart_degen,trojan",
2026-04-19,BexkfZSbHodJQBB74fh4QdmDSADbPTrTsUcsAyjV7DD4,0.449,23,586,9936.62,0.104,3.08,29.0,smart_degen,
2026-04-19,RaVenxw8kykBbW7KGBaBsb7fDkkBYK4uJVDSFun6ZxR,0.802,1044,44945,21921.96,0.003,14.99,267.0,sandwich_bot,
2026-04-19,3mfZ8DUzQG4DrEpr74geLnnWwiF2V8a71iS3KAbqG7nF,0.333,3,486,1021.2,0.078,0.0,89.0,smart_degen,
2026-04-19,77eg8ZALn2CuEs2ErACpBsuzcG5nRoDkK2eyrGQNfxD2,0.716,39,1873,7527.67,0.024,0.31,304.0,smart_degen,
2026-04-19,91Tot4afpSsuYQgMRsTms32REKCVZ4GPD35SKoK36Aso,0.536,31,786,3803.15,0.039,3.33,351.0,"axiom,smart_degen",
2026-04-19,5TbRyqrnK4LMStTDqFStv13K41RZiB5PVUiVMGFJzScJ,0.378,3,480,1034.47,0.103,0.0,92.0,"gmgn,smart_degen",
2026-04-19,9yoSimMsWZUdbctcQ8RE4PAirbc6iewRx9pfrGLxwNoB,0.305,35,238,22623.51,0.263,0.1,107.0,smart_degen,
2026-04-19,HQLeWLJRfhnzq4Ucdn3V1vgSw5ZLxRXT6QQa5bASXSdu,0.499,1184,1186,11122.72,0.033,41.79,366.0,"axiom,gmgn,padre,smart_degen",
2026-04-19,BPjz6DvQn559LXyYnRRKmMAkjSgCA9Lrgrkm21Fvbfai,0.333,3,448,1255.06,0.135,0.0,91.0,"smart_degen,trojan",
2026-04-19,HNUE6Wej1mPhE4949vKANZYW5qDnbv4CgaahhNyuqMvi,0.597,16,2422,2855.35,0.019,8.42,,smart_degen,
2026-04-19,Cts62HiDcdkyqnqFxrZxshF7AMWSzeVBAShaXLwzwgt2,0.429,3,532,1721.4,0.163,0.0,92.0,"axiom,smart_degen",
2026-04-19,CqF3gUDojKuVdd6zBk2GZBTG84aAQ2b7tYeeyS18Sd2Z,0.533,256,11405,22186.66,0.007,49.33,51.0,smart_degen,
2026-04-19,PCX1b8exeasEaE8kK5S5XyUC2PXJyqZRCN6pRWxaTdV,0.471,12,146,1158.69,0.047,7.9,10.0,smart_degen,
2026-04-19,HSj9VNgBDvvzfSrgnkq6mUi7AbCGfWZHAx2tBkbT4A35,0.322,3,477,1284.56,0.092,0.0,91.0,smart_degen,
2026-04-19,9jsbFCC819QrQYy1gVcT2sTyKbeRGD2jsdscwvZDs87Q,0.477,4,321,664.74,0.018,0.0,29.0,smart_degen,
2026-04-19,6Qy5E3aGLMQ4bixjZG1UT8gkAN6ToThE9hYV4mm6og8k,0.404,3,501,1499.02,0.114,0.0,92.0,"axiom,smart_degen",
2026-04-19,AWzCfkYVJ24M6QMUEtyjp9QsFyReVhbKypDjb2a5drby,0.407,3,486,1187.78,0.085,0.0,91.0,"axiom,smart_degen",
2026-04-19,HV56TXHsEzNd1bpia84zGkrhvSVuBayG5vh9KjneoYMf,0.468,112,3396,9643.52,0.02,190.65,519.0,"bullx,smart_degen",
2026-04-19,ApeiTAjq3V9grbN2jVbmpLb59wffYmwCBKZnugyuerLZ,0.438,120,2796,3927.64,0.008,149.55,453.0,"axiom,bullx,smart_degen",
2026-04-19,7hDTvCvBGfwFVHjF2LLJu5md6iDRdLgKe7MZUKTR4ySv,0.491,53,1645,4559.95,0.094,1.93,105.0,"padre,smart_degen",
2026-04-19,ARC5JvKVCcnitPgTmmqV9xc1FJUPB43AEWPU1iMdYM7k,0.51,221,4776,32154.98,0.082,15.9,158.0,"axiom,gmgn,padre,smart_degen",
2026-04-19,5fHJszey2UdB2nETS1y6NS2wSG4ic9byKtbgJzaYzGeV,0.467,702,4682,26737.22,0.071,9.56,418.0,"axiom,bullx,gmgn,smart_degen",
2026-04-19,4X77FRfDnQRhER7AmFXSxXRdqobi1Fa7hingewBDVgSc,0.54,14,2234,4020.43,0.035,24.47,403.0,"axiom,gmgn,smart_degen",
2026-04-19,81xmRQ78DFWkhuyN6wzzpxN8pSxnAwC4kqXDQzYXk2UV,0.296,59,2011,19691.91,0.148,5.23,18.0,smart_degen,
2026-04-19,9bh68CX7yQ4bKBZdYqkWxS5WPzAMCyA7bJaFFddwbMZd,0.621,20,2755,561.45,0.005,50.39,18.0,smart_degen,
2026-04-19,CVxUKFrWDYkE3gsZP9gyVmLD6XkXykk2ukKhAfNrJev8,0.541,154,4519,8200.18,0.023,1.45,371.0,smart_degen,
2026-04-20,5pnqWH7PULRM51iEdQdPLi94DWpkdZJNNFDwigJNGtir,0.393,4,517,1158.04,0.08,0.0,91.0,"padre,smart_degen",
2026-04-20,RaVenxw8kykBbW7KGBaBsb7fDkkBYK4uJVDSFun6ZxR,0.802,1044,45979,14306.79,0.002,29.99,268.0,sandwich_bot,
2026-04-20,HV56TXHsEzNd1bpia84zGkrhvSVuBayG5vh9KjneoYMf,0.465,119,3528,9826.0,0.02,170.47,520.0,"bullx,smart_degen",
2026-04-20,CskAmpNFACaFELbVHdgezJu1uda2ivLvH2xFoiKdmPCS,0.671,50,2166,1535.36,0.016,44.04,14.0,smart_degen,
2026-04-20,z9RPuqzWJskcRrhWNfcwmWExbsP6i5ob53raQRF8nFw,0.409,14,6755,6028.49,0.035,29.39,43.0,smart_degen,
2026-04-20,GT4NDJHsGQvjBGatevrEN5NS3GTGYtveMcGYtYgb1wzD,0.416,22,6815,7639.59,0.044,28.13,42.0,smart_degen,
2026-04-20,8CuFCxoGHUMWV8EXcKN25gWkxTiGvkJe4uQpXfRubPYV,0.407,16,6654,5652.57,0.033,28.49,43.0,smart_degen,
2026-04-20,AEqPi4RCD7uRXmMB5ec6V4ehT74Ra2kEdmqVqtHUmyLh,0.358,86,6087,4501.13,0.009,49.73,215.0,"axiom,smart_degen",
2026-04-20,CqF3gUDojKuVdd6zBk2GZBTG84aAQ2b7tYeeyS18Sd2Z,0.52,264,11230,19086.36,0.006,43.42,52.0,smart_degen,
2026-04-20,2LsypdLpNwWiC8N5P1Ut3e1hEdv3aKRiiM8VWGMc6XVJ,0.543,5,4172,1490.45,0.016,16.26,,smart_degen,
2026-04-20,B4b31yfLNPpN4MfwNTUjWRYBcCseN5CMZ3f5UjHd7h9D,0.443,16,329,2084.73,0.043,0.03,83.0,"fomo,smart_degen",
2026-04-20,2nHsHJpkXmHb43BqSjnQFMbUcU2kWEqFqoXsbe2zv2Wi,0.628,199,2915,24005.67,0.056,132.94,203.0,"axiom,padre,smart_degen",
2026-04-20,8tazpZtBjeNscvhniiNe53RAqJBe4XVbztEC2Ckpu49q,0.5,35,12685,12534.98,0.013,89.62,57.0,smart_degen,
2026-04-20,HNUE6Wej1mPhE4949vKANZYW5qDnbv4CgaahhNyuqMvi,0.598,20,2461,2725.11,0.018,6.81,,smart_degen,
2026-04-20,HSsJjkHrxezZ1SdhgdivhDGXbxANicWbKvKsVtrMrJvG,0.574,161,1933,5441.59,0.014,38.42,161.0,"axiom,padre,smart_degen",
2026-04-20,CVxUKFrWDYkE3gsZP9gyVmLD6XkXykk2ukKhAfNrJev8,0.543,157,4535,8048.49,0.022,1.12,372.0,smart_degen,
2026-04-20,ANJekY9fBgLVkfnpMvSWgp9FZ8U7XG6Xp4aPQHBbteno,0.525,11,531,2346.47,0.019,0.19,8.0,smart_degen,
2026-04-20,DiLQWwEicAf96de3BC9DMhVXCdCLQbfWAPvkFcUrwQxX,0.44,0,482,1012.02,0.09,0.0,93.0,"gmgn,smart_degen",
2026-04-20,ApeiTAjq3V9grbN2jVbmpLb59wffYmwCBKZnugyuerLZ,0.436,123,2800,2963.07,0.006,142.33,454.0,"axiom,bullx,smart_degen",
2026-04-20,7sk2oHqqE9wEzDZNPCDsoZTmrCeznJ3hV98fauzB3xPY,0.406,18,2502,3286.5,0.067,22.52,24.0,smart_degen,
2026-04-20,CxWRfadzmKT3vQtX76UXcHVqTd2GrMWuMMNi2jHAVrz4,0.429,39,2529,3620.68,0.07,12.41,320.0,"axiom,smart_degen",
2026-04-20,3nG9zBc6fTne3j9kkS1CB5quyt25CS29GEjvMGNKmDSz,0.645,341,516,20121.76,0.084,20.08,350.0,"app_smart_money,gmgn,smart_degen",
2026-04-20,A43bJbGXMbe5j41wnZgBZd8wBCEEeCeFFKoMgpqY4gf9,0.411,3,559,1410.34,0.092,0.0,89.0,"axiom,smart_degen",
2026-04-21,undwZZbXFTXAizTeeNpmygJDa4pWopEr1UCDSWpyo4y,0.67,35,1347,3123.96,0.012,3.19,10.0,smart_degen,
2026-04-21,HBYfbfZUJEU3d17gmGLVuiJr6hNyDhhkpDeCYKxGVKRX,0.303,129,1628,24396.48,0.074,151.4,292.0,"axiom,smart_degen",
2026-04-21,8LUtQLSVoKewkXXHSsWJA9sio9cH7Q4hSfKVm5cRk7QY,0.524,102,1975,2723.07,0.018,240.73,372.0,"axiom,smart_degen",
2026-04-21,RTYizu6bjvFTBfiS56cEoqkKRqk5xa5VBKsHQUeUNDs,0.658,53,2712,7131.83,0.014,21.03,61.0,smart_degen,
2026-04-21,HV56TXHsEzNd1bpia84zGkrhvSVuBayG5vh9KjneoYMf,0.461,128,3658,9502.23,0.018,177.07,521.0,"bullx,smart_degen",
2026-04-21,CVxUKFrWDYkE3gsZP9gyVmLD6XkXykk2ukKhAfNrJev8,0.54,159,4576,7873.84,0.022,1.71,373.0,smart_degen,
2026-04-21,6qNdKb3A3zTZf4JpNbH6E6gKfwCHkNir4UUycC1eY9eh,0.488,13,915,2890.15,0.03,0.04,231.0,smart_degen,
2026-04-21,GdiM7NF9RC6RDMhyLeWEsGv365x9L9vQfRdXSCwHAYSm,0.482,64,2348,6114.21,0.019,0.12,176.0,"fomo,smart_degen",
2026-04-21,DoXTeHFphimLyLSvrAYMCy7AUGidrhe2A16M33amDG5T,0.396,1,214,1788.66,0.105,24.87,5.0,"fresh_wallet,smart_degen",
2026-04-21,8tazpZtBjeNscvhniiNe53RAqJBe4XVbztEC2Ckpu49q,0.499,38,12542,12119.93,0.013,98.23,58.0,smart_degen,
2026-04-21,AEqPi4RCD7uRXmMB5ec6V4ehT74Ra2kEdmqVqtHUmyLh,0.357,86,6355,5839.67,0.011,60.32,216.0,"axiom,smart_degen",
2026-04-21,ANcjgwPUScahAHTSTqnsfzPipuZNiNnVPjBACGDWmjjg,0.33,44,6461,5094.71,0.017,0.12,407.0,"axiom,bullx,padre,smart_degen",
2026-04-21,2LsypdLpNwWiC8N5P1Ut3e1hEdv3aKRiiM8VWGMc6XVJ,0.542,10,4295,1565.48,0.016,16.44,,smart_degen,
2026-04-21,6ZDv5tTzJyNVu9ZCJQH9taaoptZnHhjsG9JekXfnnqqe,0.551,7,5909,1913.42,0.011,16.03,,smart_degen,
2026-04-21,Ei6dbjMnvgLFSkECrXhTynWbGSMWM7ypzpQt9rhbf8gi,0.426,56,866,4332.59,0.038,1.53,435.0,"bluechip_owner,smart_degen",
2026-04-21,8TCbDN1djL5ss6shBPhjWUDMZg9iqxj7CqFSnKuMe3Qt,0.364,3,521,1246.63,0.115,0.0,93.0,"gmgn,smart_degen",
2026-04-21,J9anv3nW7NvYfYdgEjBhYbEVxPL1AwfVenU2t8FCrasX,0.47,3,2638,1321.7,0.028,10.36,13.0,smart_degen,
2026-04-21,RaVenxw8kykBbW7KGBaBsb7fDkkBYK4uJVDSFun6ZxR,0.804,1044,46362,15962.48,0.002,20.68,269.0,sandwich_bot,
2026-04-21,G9QgVrF6onFT7L3qC2Yu74awhxiTqf3fRpc8QAirN79X,0.513,15,1900,5650.17,0.031,0.05,19.0,"fomo,smart_degen",
2026-04-21,7sk2oHqqE9wEzDZNPCDsoZTmrCeznJ3hV98fauzB3xPY,0.402,17,2536,3621.38,0.072,28.55,25.0,smart_degen,
2026-04-21,CxWRfadzmKT3vQtX76UXcHVqTd2GrMWuMMNi2jHAVrz4,0.426,38,2561,3967.42,0.076,18.63,321.0,"axiom,smart_degen",
2026-04-21,8gV31ab8mT4N4wKdu4rWNA6GgfZtuJtimtvVJrMaH13U,0.412,7,2561,3847.28,0.076,30.01,37.0,smart_degen,
2026-04-21,A43bJbGXMbe5j41wnZgBZd8wBCEEeCeFFKoMgpqY4gf9,0.344,3,597,1355.79,0.078,0.0,90.0,"axiom,smart_degen",
2026-04-21,BCagckXeMChUKrHEd6fKFA1uiWDtcmCXMsqaheLiUPJd,0.396,24122,28543,75622.46,0.087,620.49,407.0,"axiom,bullx,gmgn,top_renamed,wash_trader",vibed333
2026-04-21,teddyYXw7aiNpDuQCeLb2YiBJhqthBid4C54BuWcPxm,0.419,394,3403,31051.12,0.119,52.38,71.0,"padre,smart_degen",
2026-04-21,12uo5K8euPm5Ejfc2NwuqcWbZabsxBK3ED1Fpb1phnns,0.431,15,617,8903.93,0.091,43.68,31.0,smart_degen,
2026-04-21,6QL8F1gKAZWTPikNFQWEQPSWXQiQNUetQvDGiPBNoamJ,0.435,17,594,9424.53,0.098,42.95,19.0,smart_degen,
2026-04-21,5Jtizo6CzN4TJ4pCiZDdGcAq2MfF7ntYnBcbErLbJwKV,0.432,19,597,6864.45,0.071,44.16,19.0,smart_degen,
2026-04-21,5mtbmPwj2SMkxPP9c93s9oD9bmMdByTqepNarM9Y7u7e,0.25,5614,32,-140.01,-0.015,38.54,414.0,"axiom,photon,pump_smart",
2026-04-21,8ZHWmQQQ312PddMTbfNxd4oo4H18jAjUv4V7cbhmXBZx,0.512,13,691,2025.33,0.018,25.15,419.0,"axiom,bullx,smart_degen",
2026-04-21,8AaJxU97iu2FYMq4oG5ccYDJsJjK7XwvzjTcVpotwNZu,0.547,38,1673,4614.4,0.019,25.91,95.0,smart_degen,
2026-04-22,G9QgVrF6onFT7L3qC2Yu74awhxiTqf3fRpc8QAirN79X,0.516,16,1981,5482.27,0.027,0.0,20.0,"fomo,smart_degen",
2026-04-22,HArDKfcLELHAGj37UqBstSe5DzdSZKmFCTxgMbZ4a5Na,0.487,35,710,10461.91,0.104,1.48,51.0,smart_degen,
2026-04-22,J9anv3nW7NvYfYdgEjBhYbEVxPL1AwfVenU2t8FCrasX,0.464,5,2872,1228.06,0.021,8.63,14.0,smart_degen,
2026-04-22,99QbDV2M2x2ovjWgEDTdjVkJRi7BJkALSyYmTvBo7rpg,0.403,71,5145,28993.76,0.037,12.85,31.0,"gmgn,smart_degen",
2026-04-22,651WNqyBNtCnCAnuTehtpVwgp4eJWsoGURwDrV8qGEd5,0.679,52,1201,5745.8,0.012,0.73,419.0,"gmgn,photon,smart_degen",
2026-04-22,GdiM7NF9RC6RDMhyLeWEsGv365x9L9vQfRdXSCwHAYSm,0.476,65,2365,6155.78,0.019,0.0,177.0,"fomo,smart_degen",
2026-04-22,23FuTEa7iUU9tGBBQKAkyYKEGjQiZYN3CE8jHvLJv7Ua,0.406,12,757,3169.0,0.096,2.63,36.0,smart_degen,
2026-04-22,93kgxYKex5wPyEkjH9P4KspLFAi3fdWBkw8vZce51pbp,0.689,489,3912,21631.51,0.011,1.14,66.0,smart_degen,
2026-04-22,4X77FRfDnQRhER7AmFXSxXRdqobi1Fa7hingewBDVgSc,0.527,17,2258,4159.72,0.035,8.44,406.0,"axiom,gmgn,smart_degen",
2026-04-22,8MWFjJ8LNvDcVb5ZFPAAZJ77Box39zdFDjpUsunB33j8,0.667,32,2143,4431.96,0.013,35.69,130.0,smart_degen,
2026-04-22,CskAmpNFACaFELbVHdgezJu1uda2ivLvH2xFoiKdmPCS,0.657,61,2475,1889.9,0.017,51.11,16.0,smart_degen,
2026-04-22,BCagckXeMChUKrHEd6fKFA1uiWDtcmCXMsqaheLiUPJd,0.394,24196,27457,68876.73,0.081,652.91,408.0,"axiom,bullx,gmgn,top_renamed,wash_trader",vibed333
2026-04-22,8AaJxU97iu2FYMq4oG5ccYDJsJjK7XwvzjTcVpotwNZu,0.557,38,1823,4916.58,0.019,17.1,96.0,smart_degen,
2026-04-22,8ZHWmQQQ312PddMTbfNxd4oo4H18jAjUv4V7cbhmXBZx,0.531,17,842,2112.83,0.016,12.98,420.0,"axiom,bullx,smart_degen",
2026-04-22,AEqPi4RCD7uRXmMB5ec6V4ehT74Ra2kEdmqVqtHUmyLh,0.361,87,6239,8523.59,0.017,50.81,218.0,"axiom,smart_degen",
2026-04-22,ARC5JvKVCcnitPgTmmqV9xc1FJUPB43AEWPU1iMdYM7k,0.507,242,4960,32371.02,0.08,14.82,161.0,"axiom,gmgn,padre,smart_degen",
2026-04-22,5fHJszey2UdB2nETS1y6NS2wSG4ic9byKtbgJzaYzGeV,0.462,731,4856,26747.17,0.069,13.14,421.0,"axiom,bullx,gmgn,smart_degen",
2026-04-22,6Qy5E3aGLMQ4bixjZG1UT8gkAN6ToThE9hYV4mm6og8k,0.366,3,580,1430.36,0.102,0.0,95.0,"axiom,smart_degen",
2026-04-22,2nHsHJpkXmHb43BqSjnQFMbUcU2kWEqFqoXsbe2zv2Wi,0.618,208,2971,25012.89,0.057,156.72,205.0,"axiom,padre,smart_degen",
2026-04-22,5GGqDQVr2LasfmWFXSH54V6ryVrXGwkZSjkK6xR473XJ,0.54,238,2453,28594.86,0.045,149.09,318.0,"axiom,smart_degen",
2026-04-22,RaVenxw8kykBbW7KGBaBsb7fDkkBYK4uJVDSFun6ZxR,0.801,1043,46223,12353.22,0.002,25.39,270.0,sandwich_bot,
2026-04-22,BUjNTwwiwX6r5pcJqy27BQNstLo93Vu7HZNkoeApct6q,0.338,34,706,12655.19,0.101,79.4,12.0,"photon,smart_degen",
2026-04-22,Et2Q2HFRSGCMEL5TcjtRNbZ9bFSNzutkA399tNh1VjzF,0.34,13,571,7257.85,0.068,33.46,9.0,smart_degen,
2026-04-22,43QmFc2QPPGyMrSNuPnhvfs8BFW1XVZYFdbwURtWoo9x,0.563,88,5440,1936.33,0.007,1.0,208.0,"gmgn,smart_degen",
2026-04-22,8TxQJKJXFokhTvqSrEeuA4a23vtKicWKtP4WRLDy2yyY,0.37,6,71,6178.91,0.911,0.03,409.0,smart_degen,
2026-04-22,AfnhFpxD2yYCeFYd4Yi8iKi3TmRMbthVF4BzRK81BnAf,0.496,27,506,10302.33,0.103,6.11,66.0,"padre,smart_degen",
2026-04-22,J3ijgCq7Upnzseq6o2tuwgRX23zaFrXAdojnuXW46Cxi,0.324,3,554,1251.87,0.098,0.0,95.0,"gmgn,smart_degen",
2026-04-22,8tazpZtBjeNscvhniiNe53RAqJBe4XVbztEC2Ckpu49q,0.496,40,12323,11372.85,0.012,96.87,59.0,smart_degen,
2026-04-22,Ei6dbjMnvgLFSkECrXhTynWbGSMWM7ypzpQt9rhbf8gi,0.414,59,922,4553.57,0.036,1.4,436.0,"bluechip_owner,smart_degen",
data,address,win_rate,followers,trades_30d,pnl_30d,pnl_ratio,sol_balance,wallet_age_days,tags,twitter
2026-04-22,GoonY5hPo63xAPCwkyWuFmQ57HWq8wj5Bevj2D222U4u,0.478,24,1185,5443.07,0.036,17.32,57.0,smart_degen,
2026-04-22,RaVenxw8kykBbW7KGBaBsb7fDkkBYK4uJVDSFun6ZxR,0.798,1042,47207,10628.86,0.001,14.28,270.0,sandwich_bot,
2026-04-22,undwZZbXFTXAizTeeNpmygJDa4pWopEr1UCDSWpyo4y,0.659,36,1529,3587.81,0.012,2.87,12.0,smart_degen,
2026-04-22,628tuaH9DuYK7W36wW6s9aPpwcUcWoropaWWL3HfeS6f,1.0,20,1913,9095.76,0.045,1.34,27.0,smart_degen,
2026-04-22,9V5ce3a45DDN6H1oKaJLHswBDWFGwU8dEXuRvtzxyaeN,0.517,31,482,8930.47,0.138,18.48,36.0,"gmgn,smart_degen",
2026-04-22,2fNPNJKE3ny6b5Vo1wdfa7J7KqYNjeyBM3PbGGSJ398r,0.676,126,2119,4819.52,0.017,23.79,318.0,"padre,smart_degen",
2026-04-22,XJ7tbEKnrwvioTxABhEtwmG4AWkGEDDJASstUzBgh7x,0.609,78,1013,9947.94,0.032,1.16,159.0,"fomo,smart_degen,trojan",
2026-04-22,6QL8F1gKAZWTPikNFQWEQPSWXQiQNUetQvDGiPBNoamJ,0.432,20,691,13895.87,0.123,60.64,21.0,smart_degen,
2026-04-22,BexkfZSbHodJQBB74fh4QdmDSADbPTrTsUcsAyjV7DD4,0.458,45,747,20290.6,0.155,65.2,33.0,smart_degen,
2026-04-22,12uo5K8euPm5Ejfc2NwuqcWbZabsxBK3ED1Fpb1phnns,0.438,19,715,15006.25,0.132,59.78,33.0,smart_degen,
2026-04-22,5Jtizo6CzN4TJ4pCiZDdGcAq2MfF7ntYnBcbErLbJwKV,0.438,23,694,11165.64,0.099,58.63,21.0,smart_degen,
2026-04-22,8ZHWmQQQ312PddMTbfNxd4oo4H18jAjUv4V7cbhmXBZx,0.528,17,1015,2545.93,0.017,16.37,421.0,"axiom,bullx,smart_degen",
2026-04-22,8AaJxU97iu2FYMq4oG5ccYDJsJjK7XwvzjTcVpotwNZu,0.555,39,1999,5789.78,0.02,22.99,97.0,smart_degen,
2026-04-22,BCagckXeMChUKrHEd6fKFA1uiWDtcmCXMsqaheLiUPJd,0.393,24249,27763,74590.87,0.086,704.79,409.0,"axiom,bullx,gmgn,top_renamed,wash_trader",vibed333
2026-04-22,9fpUmh3Tv3UCdeHLyq3o4QhkTBu5XAbEiKP9FtGaSndb,0.552,612,1281,8954.5,0.035,259.03,0.0,"axiom,bullx,padre,smart_degen",
2026-04-22,8gV31ab8mT4N4wKdu4rWNA6GgfZtuJtimtvVJrMaH13U,0.414,8,2662,3975.55,0.074,22.57,39.0,smart_degen,
2026-04-22,CxWRfadzmKT3vQtX76UXcHVqTd2GrMWuMMNi2jHAVrz4,0.423,39,2663,4060.02,0.073,19.39,323.0,"axiom,smart_degen",
2026-04-22,7sk2oHqqE9wEzDZNPCDsoZTmrCeznJ3hV98fauzB3xPY,0.398,20,2653,3716.66,0.07,18.97,27.0,smart_degen,
2026-04-22,GXecNAvw1wzWoZATM1ki18i8g4PNqkWKGz2kPV4uA5mP,0.398,0,706,2651.91,0.034,11.09,9.0,smart_degen,
2026-04-22,8Xnit4gf2R5cA3XE6KobuyWjiPfTptsJxN7rrAu8YbiW,0.307,46,2924,6359.09,0.085,17.01,249.0,smart_degen,
2026-04-22,Dw5VykxuTNQeh8c9TxUPsaM7Rwxkmy74rLr63wB3LG8j,0.693,14,2820,1838.92,0.018,74.39,,smart_degen,
2026-04-22,zeroDbresTUpHKau1vP4jXrkqtN8Dmh8yuEqyn6GMYh,0.797,90,9815,19732.81,0.034,0.51,61.0,smart_degen,
2026-04-22,456xjxMrRKcp5odo8B1McWiTbvTUffFi5iCV1Ky9Sft7,0.42,133,3008,48777.49,0.084,39.99,63.0,smart_degen,
2026-04-22,8tUwW6UGBtjDAe7fLRsyMc2362v2oKPw6UHLPbyEcatF,0.326,54,1532,8301.94,0.039,45.16,55.0,"padre,smart_degen",
2026-04-22,GdiM7NF9RC6RDMhyLeWEsGv365x9L9vQfRdXSCwHAYSm,0.475,65,2463,6751.21,0.02,0.1,178.0,"fomo,smart_degen",
2026-04-22,gecko1QDvtNHwqY5SjXLzuDmGDUnzu7ZEmtGHRFLr9v,0.507,170,3518,7388.71,0.016,0.48,90.0,smart_degen,
2026-04-22,6bxvSqw7bzRHTPNf2ZRvywLRqJ9LFn47sHaq5sd6bk5o,0.296,396,560,7948.27,0.027,99.11,318.0,"axiom,gmgn,photon,smart_degen",jaystoolate
2026-04-22,GdHwBcMUSnmuUt8dCjE3oySUNHtGRK4WCAh9KKtakScF,0.519,11,380,2508.76,0.031,33.23,37.0,smart_degen,
2026-04-23,8CuFCxoGHUMWV8EXcKN25gWkxTiGvkJe4uQpXfRubPYV,0.416,22,6395,6345.31,0.038,30.14,46.0,smart_degen,
2026-04-23,H2KAvWycyqeHhqkMC1f83Pwju3B2MztLYdXVpNMcDs2V,0.433,328,6905,28545.18,0.113,113.19,409.0,"axiom,smart_degen",
2026-04-23,z9RPuqzWJskcRrhWNfcwmWExbsP6i5ob53raQRF8nFw,0.416,15,6376,6336.89,0.038,29.22,46.0,smart_degen,
2026-04-23,GT4NDJHsGQvjBGatevrEN5NS3GTGYtveMcGYtYgb1wzD,0.42,23,6432,7813.67,0.047,27.78,45.0,smart_degen,
2026-04-23,GdiM7NF9RC6RDMhyLeWEsGv365x9L9vQfRdXSCwHAYSm,0.47,66,2423,6113.75,0.018,0.15,178.0,"fomo,smart_degen",
2026-04-23,RaVenxw8kykBbW7KGBaBsb7fDkkBYK4uJVDSFun6ZxR,0.797,1042,46202,8291.11,0.001,12.73,271.0,sandwich_bot,
2026-04-23,4X77FRfDnQRhER7AmFXSxXRdqobi1Fa7hingewBDVgSc,0.519,17,2272,4059.85,0.033,8.18,0.0,"axiom,gmgn,smart_degen",
2026-04-23,23FuTEa7iUU9tGBBQKAkyYKEGjQiZYN3CE8jHvLJv7Ua,0.409,13,792,3157.2,0.093,2.55,37.0,smart_degen,
2026-04-23,7BVsMqCRoeEtvVeasYGrRhy83gHr5ZSJBnpV7QeCFQs4,0.455,153,2776,13581.6,0.023,20.63,0.0,"axiom,smart_degen",nevdevvv
2026-04-23,AEqPi4RCD7uRXmMB5ec6V4ehT74Ra2kEdmqVqtHUmyLh,0.363,91,6177,5872.89,0.012,24.43,0.0,"axiom,smart_degen",
2026-04-23,BCagckXeMChUKrHEd6fKFA1uiWDtcmCXMsqaheLiUPJd,0.393,24253,25490,66834.65,0.083,705.28,409.0,"axiom,bullx,gmgn,top_renamed,wash_trader",vibed333
2026-04-23,GpJDQbew3J5KhSUMYiHCSJ2ZTxZjoDAxGzqNMjLGwLui,0.612,147,490,21802.46,0.134,25.37,369.0,"gmgn,smart_degen",
2026-04-23,43QmFc2QPPGyMrSNuPnhvfs8BFW1XVZYFdbwURtWoo9x,0.561,89,5305,1908.48,0.007,0.99,209.0,"gmgn,smart_degen",
2026-04-23,Dw5VykxuTNQeh8c9TxUPsaM7Rwxkmy74rLr63wB3LG8j,0.692,15,2601,1675.24,0.018,74.25,,smart_degen,
2026-04-23,HSj9VNgBDvvzfSrgnkq6mUi7AbCGfWZHAx2tBkbT4A35,0.356,3,619,1402.33,0.094,0.0,95.0,smart_degen,
2026-04-23,456xjxMrRKcp5odo8B1McWiTbvTUffFi5iCV1Ky9Sft7,0.421,133,2916,44109.75,0.079,38.45,0.0,smart_degen,
2026-04-23,2YhNurep74dpPavgMnrcYkofcm7AUA7xp8nV22qSYSgp,0.588,85,37,1626.84,0.316,10.29,409.0,"axiom,bullx,smart_degen",
2026-04-23,8J6nEUE5LmjYn8aBBBAnGG3wvHbZ2BzQi9CfRszB3AfD,0.485,10,369,1004.7,0.045,9.47,456.0,"axiom,smart_degen",
2026-04-23,5fHJszey2UdB2nETS1y6NS2wSG4ic9byKtbgJzaYzGeV,0.459,739,4830,27223.22,0.07,39.71,422.0,"axiom,bullx,gmgn,smart_degen",
2026-04-23,ARC5JvKVCcnitPgTmmqV9xc1FJUPB43AEWPU1iMdYM7k,0.506,245,4934,32416.54,0.08,42.03,162.0,"axiom,gmgn,padre,smart_degen",
2026-04-23,6Dt9J7TXM3eqyQBAZMbGJCV6VsP13WVStwPJnLPFtw2Y,0.632,114,1351,13389.13,0.083,33.33,183.0,"gmgn,smart_degen,trojan",
2026-04-23,8LUtQLSVoKewkXXHSsWJA9sio9cH7Q4hSfKVm5cRk7QY,0.547,107,1898,3127.6,0.022,248.39,0.0,"axiom,smart_degen",
2026-04-23,3kSUZ79VEfpy9Uw9sWnB1jG2GwmTQSCcn72NH57s1rCx,0.563,137,3241,24521.56,0.021,0.89,70.0,"fomo,padre,smart_degen",
2026-04-23,14LYvJoKPK9pCuNJqT6cJEaR1q3FNsfCtopbSXD8b8DM,0.534,18,2912,1766.47,0.033,2.3,398.0,"axiom,smart_degen",
2026-04-24,14LYvJoKPK9pCuNJqT6cJEaR1q3FNsfCtopbSXD8b8DM,0.539,19,2930,1749.4,0.032,2.44,399.0,"axiom,smart_degen",
2026-04-24,ARC5JvKVCcnitPgTmmqV9xc1FJUPB43AEWPU1iMdYM7k,0.502,249,4857,31482.96,0.079,12.64,163.0,"axiom,gmgn,padre,smart_degen",
2026-04-24,5fHJszey2UdB2nETS1y6NS2wSG4ic9byKtbgJzaYzGeV,0.455,744,4733,26456.37,0.069,8.12,423.0,"axiom,bullx,gmgn,smart_degen",
2026-04-24,DoboLsfYFqhiC7SrcdJ7Fogp7axnnf6spRpa21LBQT9Z,0.952,33,1553,19186.23,0.039,3.49,290.0,smart_degen,
2026-04-24,HiK8buhCxdD1JLKonZMp29TNpz4KD8M2gTSrxiva5JH9,0.549,276,643,15272.3,0.075,305.06,0.0,"axiom,photon,smart_degen",
2026-04-24,9U6tjPoXMxjWywUnpBjLy9LJ17gGXYVYXPPfDkf2pqy9,0.445,9,787,8541.37,0.057,27.52,25.0,smart_degen,
2026-04-24,2nHsHJpkXmHb43BqSjnQFMbUcU2kWEqFqoXsbe2zv2Wi,0.606,216,3063,22011.18,0.05,127.36,1.0,"axiom,padre,smart_degen",
2026-04-24,BCagckXeMChUKrHEd6fKFA1uiWDtcmCXMsqaheLiUPJd,0.396,24318,24697,58875.36,0.075,707.51,410.0,"axiom,bullx,gmgn,top_renamed,wash_trader",vibed333
2026-04-24,8hfoNZCd2bK9aqCBkhg8f2L1AoL7qfHwd9tMv7x64qui,0.989,169,5201,11381.47,0.041,3.26,412.0,smart_degen,
2026-04-24,GAEvKAnh3uVZg4UErwym2EzyJqwRoqsmaRKjJXgaM4GR,0.467,7,81,3824.58,0.098,0.99,413.0,smart_degen,
2026-04-24,8tUwW6UGBtjDAe7fLRsyMc2362v2oKPw6UHLPbyEcatF,0.321,58,1411,5298.19,0.028,49.6,56.0,"padre,smart_degen",
2026-04-24,GpJDQbew3J5KhSUMYiHCSJ2ZTxZjoDAxGzqNMjLGwLui,0.636,157,492,25883.78,0.146,195.32,370.0,"gmgn,smart_degen",
2026-04-24,4oCkJH5RQMCvgS4qLozDEjmDBPQLmrdzucMoyCPEA2Nn,0.544,31,1835,19522.69,0.032,0.0,76.0,"fomo,smart_degen",
2026-04-24,DJkPJC6N7Hc47HzoeCTm6GnA9uVa3nduyTXavweL4YB8,0.667,1732,13,138.16,0.196,17.68,443.0,,
2026-04-24,5Jtizo6CzN4TJ4pCiZDdGcAq2MfF7ntYnBcbErLbJwKV,0.45,27,763,12150.02,0.101,64.37,22.0,smart_degen,
2026-04-24,73LknRrxQ1AxKPLXWWwZni8M2hFTVQWvEnhkX28hnKwd,0.333,10,251,3515.3,0.136,28.81,1.0,"padre,smart_degen",
2026-04-24,nrzLzxvq1EENDEi5cYp2H8ZscyLKa79yfQ9XWm3zbxt,0.278,1,62,1484.55,0.152,0.31,4.0,"fresh_wallet,smart_degen",
2026-04-24,CxWRfadzmKT3vQtX76UXcHVqTd2GrMWuMMNi2jHAVrz4,0.427,41,2713,3861.37,0.069,13.0,324.0,"axiom,smart_degen",
2026-04-24,8gV31ab8mT4N4wKdu4rWNA6GgfZtuJtimtvVJrMaH13U,0.417,11,2713,3903.84,0.071,16.13,40.0,smart_degen,
2026-04-24,7sk2oHqqE9wEzDZNPCDsoZTmrCeznJ3hV98fauzB3xPY,0.398,25,2704,3634.46,0.066,12.2,29.0,smart_degen,
2026-04-24,4X77FRfDnQRhER7AmFXSxXRdqobi1Fa7hingewBDVgSc,0.529,20,2245,5014.83,0.041,6.37,1.0,"axiom,gmgn,smart_degen",
2026-04-24,2JLTKcECTybkCEp64v7V4P4FijjKiMgKnFkX2WwRWTM6,0.376,4,245,2236.76,0.085,1.89,0.0,"fresh_wallet,smart_degen",
2026-04-24,7fTREYp5bxYYemWMvdnSrdG2FeqppNUi8QUpSZsNe514,0.414,259,1239,16440.8,0.093,0.18,181.0,"fomo,padre,smart_degen",
2026-04-24,AfnhFpxD2yYCeFYd4Yi8iKi3TmRMbthVF4BzRK81BnAf,0.5,32,507,10196.67,0.1,8.0,68.0,"padre,smart_degen",
2026-04-24,zeroDbresTUpHKau1vP4jXrkqtN8Dmh8yuEqyn6GMYh,0.81,95,8762,19253.5,0.035,1.3,62.0,smart_degen,
2026-04-24,8fCBbZrTXSb1kRAUECkFAFKesj9BQ7ShVGnpPVVACLHr,0.7,54,557,3294.27,0.074,40.29,415.0,"bullx,gmgn,smart_degen",
2026-04-24,2dEpwaujMteZsFYCX3hwaavYKkU7kRwAwJe9XGuWNRGA,0.733,529,972,7211.12,0.099,119.48,412.0,"photon,smart_degen",
2026-04-24,RaVenxw8kykBbW7KGBaBsb7fDkkBYK4uJVDSFun6ZxR,0.795,1042,46131,5427.4,0.001,13.96,272.0,sandwich_bot,
2026-04-24,DpNyXh4ys4wLzKA5jMgfn9wLQFcnrVKAQfpihWFD4cXQ,0.577,8,390,7535.54,0.113,0.0,158.0,smart_degen,
2026-04-25,H2n3KZG7kLKK14z18xB1bGocxKdrrNBsryrhw17A1RHd,0.311,5,1118,836.65,0.033,0.04,2.0,smart_degen,
2026-04-25,9U6tjPoXMxjWywUnpBjLy9LJ17gGXYVYXPPfDkf2pqy9,0.437,11,824,8610.81,0.055,15.83,26.0,smart_degen,
2026-04-25,CATjstjdDxqxKdrXQ9R8DWF2oZp8jSd2QX2VJ1zQbT91,0.767,10,279,1992.79,0.038,74.93,8.0,"gmgn,smart_degen",
2026-04-25,YrkmnUv7yZrnWxUaCDeqe3nvKcFittYrCyXRFQdbiP6,0.816,22,297,3680.16,0.091,8.52,8.0,smart_degen,
2026-04-25,4n1cuKwPPKStuDkmHKwCeiyk6aCKNyJPmNybjdRq7tJw,0.54,153,4294,6981.97,0.023,1.83,353.0,smart_degen,
2026-04-25,8CuFCxoGHUMWV8EXcKN25gWkxTiGvkJe4uQpXfRubPYV,0.418,23,5997,6414.15,0.041,32.94,48.0,smart_degen,
2026-04-25,GT4NDJHsGQvjBGatevrEN5NS3GTGYtveMcGYtYgb1wzD,0.423,25,6040,7887.45,0.05,29.75,47.0,smart_degen,
2026-04-25,H2KAvWycyqeHhqkMC1f83Pwju3B2MztLYdXVpNMcDs2V,0.432,332,6475,29166.25,0.122,114.54,0.0,"axiom,smart_degen",
2026-04-25,RaVenxw8kykBbW7KGBaBsb7fDkkBYK4uJVDSFun6ZxR,0.793,1041,46418,5804.82,0.001,4.98,273.0,sandwich_bot,
2026-04-25,8hfoNZCd2bK9aqCBkhg8f2L1AoL7qfHwd9tMv7x64qui,0.989,174,5235,11535.21,0.041,3.01,413.0,smart_degen,
2026-04-25,9fpUmh3Tv3UCdeHLyq3o4QhkTBu5XAbEiKP9FtGaSndb,0.551,618,1352,8970.72,0.034,257.85,0.0,"axiom,bullx,padre,smart_degen",
2026-04-25,Ew6qBU7N34gRNgpgUwhJ3PgrtbPYpLYWLBEG5yuQTceD,0.885,1229,32,9308.17,0.619,43.45,307.0,"axiom,smart_degen,trojan",
2026-04-25,BnnNJJgy9w2MLQ9XBKJKG9FQa2r9qdW7u5VpzEkwUcc3,0.34,514,3138,14874.53,0.063,2.34,261.0,smart_degen,
2026-04-25,zeronaXJsbvPZFmzytV4RPXWBHQGMFcRCvoYaDNPiRL,0.797,68,8122,22411.78,0.042,2.74,53.0,smart_degen,
2026-04-25,xDDHb42oFRQ71pWbwCM4Fqj19WHKxTknMReKy8XUNcg,1.0,9,1707,5581.77,0.042,1.07,13.0,smart_degen,
2026-04-25,BCagckXeMChUKrHEd6fKFA1uiWDtcmCXMsqaheLiUPJd,0.393,24387,24234,50276.53,0.064,702.02,411.0,"axiom,bullx,gmgn,top_renamed,wash_trader",vibed333
2026-04-25,Ei6dbjMnvgLFSkECrXhTynWbGSMWM7ypzpQt9rhbf8gi,0.419,67,999,6117.71,0.045,1.07,439.0,"bluechip_owner,smart_degen",
2026-04-25,LASTvjDWkbXM1RwUCiniHqGLSEH5xJinDRs56wNPQr9,0.916,0,3700,6302.37,0.041,1.76,25.0,smart_degen,
2026-04-25,GdiM7NF9RC6RDMhyLeWEsGv365x9L9vQfRdXSCwHAYSm,0.477,68,2417,6481.5,0.019,0.18,180.0,"fomo,smart_degen",
2026-04-25,DGma4Uxm9JS6yLNdgYaxsZhwk2nxrRGMfMt5buXbiFCm,0.52,152,922,8880.95,0.105,26.85,127.0,"gmgn,smart_degen",
2026-04-25,CT5WRRtZxsoVRBHc6art6HWrM4azWo4ofuiT853PtJTc,0.96,4,2555,14231.35,0.044,3.93,45.0,smart_degen,
2026-04-25,gecko1QDvtNHwqY5SjXLzuDmGDUnzu7ZEmtGHRFLr9v,0.511,176,3714,7874.5,0.017,3.52,92.0,smart_degen,
2026-04-25,8tUwW6UGBtjDAe7fLRsyMc2362v2oKPw6UHLPbyEcatF,0.32,60,1358,6535.45,0.035,63.3,57.0,"padre,smart_degen",
2026-04-26,RaVenxw8kykBbW7KGBaBsb7fDkkBYK4uJVDSFun6ZxR,0.795,1041,46794,9487.51,0.001,12.37,274.0,sandwich_bot,
2026-04-26,ALKV2vKuYyazXSVWPao3KXFkEnhejdSs7Ti5qeZSKENH,0.35,159,1885,11629.79,0.138,9.74,181.0,smart_degen,
2026-04-26,HNUE6Wej1mPhE4949vKANZYW5qDnbv4CgaahhNyuqMvi,0.601,21,2609,3769.61,0.021,21.85,,smart_degen,
2026-04-26,FAX4qRQdiSj2iWDYvkJ21VieVCXGREtwMhEyAHSJ1aqp,0.711,739,226,20840.08,0.38,2.23,87.0,"gmgn,smart_degen",
2026-04-26,GT4NDJHsGQvjBGatevrEN5NS3GTGYtveMcGYtYgb1wzD,0.424,27,6215,9154.47,0.056,42.12,48.0,smart_degen,
2026-04-26,8CuFCxoGHUMWV8EXcKN25gWkxTiGvkJe4uQpXfRubPYV,0.421,23,6172,7738.8,0.047,46.02,49.0,smart_degen,
2026-04-26,z9RPuqzWJskcRrhWNfcwmWExbsP6i5ob53raQRF8nFw,0.42,17,6158,7709.8,0.047,44.16,49.0,smart_degen,
2026-04-26,H2KAvWycyqeHhqkMC1f83Pwju3B2MztLYdXVpNMcDs2V,0.433,337,6586,32051.08,0.134,127.79,1.0,"axiom,smart_degen",
2026-04-26,E59XbFLu1eFE6mNsi1vsAEQKsnnjrvsUJmt6Nsu3grw8,0.416,87,2011,6347.28,0.036,71.59,441.0,"axiom,padre,smart_degen",
2026-04-26,EqS3FuQ1EQs4V5tfmAKw4JmBDwvVJRyJu3x9vCy1vvtA,0.652,70,5104,9149.36,0.015,0.19,61.0,smart_degen,
2026-04-26,7q15WZ4iSUDvqfs5Kdh9bfptkQhs6qKUyCUq6GY6PGxg,0.649,276,4205,18302.37,0.042,7.8,299.0,"axiom,smart_degen",
2026-04-26,zzzCaz9jTFBka6vypB26BeyKK9BTqyFYyFzqZtM6sUa,0.656,8,950,1402.34,0.015,0.74,98.0,smart_degen,
2026-04-26,4n1cuKwPPKStuDkmHKwCeiyk6aCKNyJPmNybjdRq7tJw,0.538,157,4258,7046.34,0.023,1.49,354.0,smart_degen,
2026-04-26,GoonY5hPo63xAPCwkyWuFmQ57HWq8wj5Bevj2D222U4u,0.465,28,1204,6650.77,0.042,30.95,0.0,smart_degen,
2026-04-26,2fNPNJKE3ny6b5Vo1wdfa7J7KqYNjeyBM3PbGGSJ398r,0.664,131,2041,4230.52,0.016,26.85,321.0,"padre,smart_degen",
2026-04-26,9asBCQqp2o5BicHWPJZJ1RBh8hKQR76rejKgkQkzNwPy,0.634,12,2256,4868.34,0.023,1.41,365.0,smart_degen,
2026-04-26,GfWgSGJGCUYS3QfDjZ2fReqo2ZJMeqg73NrAS8T51yjE,0.476,8,547,6148.34,0.071,57.73,3.0,"fresh_wallet,smart_degen",
2026-04-26,HoE9o1jw6ewCsorWDe3Wz2XtdSogAcGHtunZuLLt3Dms,0.49,237,731,6956.7,0.086,0.67,414.0,smart_degen,zuccschini
2026-04-26,4gEahZ7TDyX7SPUQJyoSENWfPugXnQohXDgvpDo7wYuT,0.671,6,294,3258.29,0.095,0.52,52.0,smart_degen,
2026-04-26,AXd4sN54ERMc4ZqhGnJx2vYRmwcDE2PcQGngaudpvsMg,0.489,148,1767,9818.76,0.01,0.56,178.0,"fomo,smart_degen",
2026-04-26,5z8514Nv9kgrTeutSZG7q1CFMB1wZn991oSub4MX4Z5R,0.662,6,383,4111.59,0.059,17.41,1.0,"axiom,smart_degen",
2026-04-27,BxeL9TPWTSrAu72usXPnVREaNjKhkABnbQF3GNV9wR3U,0.366,4,223,3181.29,0.265,0.01,6.0,smart_degen,
2026-04-27,7HrcQySgo95QYV9QE7UjVWu4ckCYZ3X266TmijYo5YKe,0.5,32,249,4282.45,0.276,26.77,98.0,"gmgn,smart_degen",
2026-04-27,4BDfzDbeJHnLc3p1R62GppCXcmPew1jFj3ufqkrykquT,0.411,5,202,1888.3,0.167,0.43,6.0,smart_degen,
2026-04-27,CATjstjdDxqxKdrXQ9R8DWF2oZp8jSd2QX2VJ1zQbT91,0.645,18,419,547.63,0.007,21.33,10.0,"gmgn,smart_degen",
2026-04-27,JBzU99LYekSFhThpv4xHWDo4aC9eM1QKHULhio3owv7T,0.654,78,7056,12000.06,0.017,2.61,38.0,smart_degen,
2026-04-27,F6SMeJdn72vszgAzkTSNyYucKYs3BaA5VqjnKycBC4F8,0.453,8,222,3885.19,0.337,0.44,6.0,smart_degen,
2026-04-27,6gCr4K28MSh8zRBf5SUvWXsi6uVmsosTKKR4PqKKhLbB,0.326,7,207,3843.5,0.346,0.38,7.0,smart_degen,
2026-04-27,DgVwo6ojVpd4rfGAj7K7h98oLowQhFvFdv1AKtJwAotm,0.443,7,223,2556.25,0.213,0.16,6.0,smart_degen,
2026-04-27,DpNyXh4ys4wLzKA5jMgfn9wLQFcnrVKAQfpihWFD4cXQ,0.615,23,405,9276.81,0.113,0.02,161.0,smart_degen,
2026-04-27,GijFWw4oNyh9ko3FaZforNsi3jk6wDovARpkKahPD4o5,0.443,7223,5468,157198.2,0.274,116.14,0.0,"axiom,padre,photon,smart_degen,top_renamed",
2026-04-27,GT4NDJHsGQvjBGatevrEN5NS3GTGYtveMcGYtYgb1wzD,0.422,33,6444,8777.73,0.051,35.24,49.0,smart_degen,
2026-04-27,H2KAvWycyqeHhqkMC1f83Pwju3B2MztLYdXVpNMcDs2V,0.434,344,6567,31339.5,0.135,123.01,0.0,"axiom,smart_degen",
2026-04-27,z9RPuqzWJskcRrhWNfcwmWExbsP6i5ob53raQRF8nFw,0.419,24,6394,7355.04,0.043,37.51,50.0,smart_degen,
2026-04-27,8CuFCxoGHUMWV8EXcKN25gWkxTiGvkJe4uQpXfRubPYV,0.42,31,6401,7458.95,0.043,40.21,50.0,smart_degen,
2026-04-27,4CH1wgHqyirN8KR3o9L8oYNpDtRmDccCtiRJjnjLtnYp,0.465,101,1517,15975.58,0.063,0.07,88.0,"fomo,smart_degen",
2026-04-27,BCagckXeMChUKrHEd6fKFA1uiWDtcmCXMsqaheLiUPJd,0.403,24476,22447,41764.43,0.056,285.06,2.0,"axiom,bullx,gmgn,top_renamed,wash_trader",vibed333
2026-04-27,6Dt9J7TXM3eqyQBAZMbGJCV6VsP13WVStwPJnLPFtw2Y,0.638,129,1475,15518.38,0.088,39.15,187.0,"gmgn,smart_degen,trojan",
2026-04-27,3gXrmvpjxZtPm5erFznwSFPDwsbcMGji3oxsvFBXZJQb,0.307,49,142,9176.17,0.203,82.24,87.0,smart_degen,
2026-04-27,ARC5JvKVCcnitPgTmmqV9xc1FJUPB43AEWPU1iMdYM7k,0.506,266,4792,31139.96,0.079,10.37,166.0,"axiom,gmgn,padre,smart_degen",
2026-04-27,BLj14GfMKSL27a4MmrNDyPVMG2ay7S3kXJCQdyHoXbM,0.468,25,1162,12672.62,0.042,11.73,94.0,smart_degen,
2026-04-27,8zkgFGVZrDLieViwqiXFCydSX6WL5hsxmUu55yBdsNsZ,0.509,1489,1209,10410.78,0.03,112.51,228.0,smart_degen,
2026-04-27,Ew4YAextA2RJjPvJoZxmMZpZJdmcpTBJa2bN1U6Ptb2T,0.401,56,2847,4624.98,0.02,71.63,,smart_degen,
2026-04-27,GpJDQbew3J5KhSUMYiHCSJ2ZTxZjoDAxGzqNMjLGwLui,0.574,183,563,22961.93,0.111,175.64,373.0,"gmgn,smart_degen",tujunjie888
2026-04-27,Ei6dbjMnvgLFSkECrXhTynWbGSMWM7ypzpQt9rhbf8gi,0.423,72,1052,6704.83,0.047,0.99,441.0,"bluechip_owner,smart_degen",
2026-04-27,RaVenxw8kykBbW7KGBaBsb7fDkkBYK4uJVDSFun6ZxR,0.795,1041,48200,16160.47,0.002,3.79,275.0,sandwich_bot,
2026-04-27,CT5WRRtZxsoVRBHc6art6HWrM4azWo4ofuiT853PtJTc,0.956,18,2846,15617.15,0.047,9.24,47.0,smart_degen,
2026-04-27,8HcYptCBAaPFWkmupiSAmysZ6Z8jB7N1c4YhVjhX7zbg,0.552,499,239,85797.25,1.181,0.0,241.0,smart_degen,
2026-04-27,zeronaXJsbvPZFmzytV4RPXWBHQGMFcRCvoYaDNPiRL,0.828,84,7048,23397.04,0.043,0.21,0.0,smart_degen,
2026-04-27,zeroDbresTUpHKau1vP4jXrkqtN8Dmh8yuEqyn6GMYh,0.842,113,7332,20263.4,0.037,0.66,65.0,smart_degen,
2026-04-27,FRfG5nMXphNWrCzSJzr3WT62EuitqpGfqSztLaXrcLq6,0.705,31,399,6202.22,0.056,47.96,59.0,"photon,smart_degen",
2026-04-27,Hm9JAZLvkrmi3fFdAE58sipSYsMsfz8M7mgug4943zJq,0.351,39,761,14066.08,0.132,2.59,2.0,smart_degen,
2026-04-27,FjE4fajsdxowAohNztHL5MTgUEpNbuSR3QZK6tDVfh5t,0.687,21,617,4802.62,0.06,11.49,45.0,smart_degen,
2026-04-27,CVxUKFrWDYkE3gsZP9gyVmLD6XkXykk2ukKhAfNrJev8,0.547,165,4418,8203.21,0.023,1.15,379.0,smart_degen,
2026-04-27,4n1cuKwPPKStuDkmHKwCeiyk6aCKNyJPmNybjdRq7tJw,0.534,164,4304,6908.78,0.022,1.08,355.0,smart_degen,
2026-04-28,GijFWw4oNyh9ko3FaZforNsi3jk6wDovARpkKahPD4o5,0.443,7291,5585,157811.4,0.268,57.59,0.0,"axiom,padre,photon,smart_degen,top_renamed",
2026-04-28,BeUW3MFm5Em8zpReaSrfgRNyHhya7jA5VAJdnfEk7HoU,0.501,5,2994,2013.65,0.014,10.7,18.0,smart_degen,
2026-04-28,57hdTgdcVDyYrZJ3ieeBRn4CDiLWVvBrgjsuDa3gSfzD,0.42,40,2388,14821.0,0.09,15.72,30.0,"gmgn,smart_degen",
2026-04-28,GdiM7NF9RC6RDMhyLeWEsGv365x9L9vQfRdXSCwHAYSm,0.483,77,2521,7238.42,0.019,0.22,183.0,"fomo,smart_degen",
2026-04-28,8zkgFGVZrDLieViwqiXFCydSX6WL5hsxmUu55yBdsNsZ,0.512,1506,1615,13270.44,0.029,101.39,229.0,smart_degen,
2026-04-28,9VL5LaHxAj9irfBDDhikzFRB4qZLu8Xfce3w19rNnNYZ,0.627,147,529,7006.47,0.032,100.04,361.0,"photon,smart_degen",
2026-04-28,4n1cuKwPPKStuDkmHKwCeiyk6aCKNyJPmNybjdRq7tJw,0.534,167,4433,6421.59,0.02,1.12,357.0,smart_degen,
2026-04-28,2Be6LzejBRkgHbWFcbVSAkG9AYncYAJqET7vSuG8C6Gq,0.495,10,276,2928.59,0.062,21.29,431.0,smart_degen,
2026-04-28,CVxUKFrWDYkE3gsZP9gyVmLD6XkXykk2ukKhAfNrJev8,0.55,171,4419,8138.31,0.023,1.69,380.0,smart_degen,
2026-04-28,EkXxonwVB27DoBqSEnYYjNPmF83trANHNZkq6ffkRA62,0.417,13,1133,9249.39,0.111,87.4,3.0,"fresh_wallet,gmgn,smart_degen",
2026-04-28,9U6tjPoXMxjWywUnpBjLy9LJ17gGXYVYXPPfDkf2pqy9,0.443,13,899,9361.27,0.055,4.99,29.0,smart_degen,
2026-04-28,GXRVaUGMUXe4wsF6qjRyMdNvJ57H7Zw9c2Ddzhqc9Y2Q,1.0,71,3669,19030.28,0.054,6.82,512.0,"gmgn,smart_degen",
2026-04-28,RaVenxw8kykBbW7KGBaBsb7fDkkBYK4uJVDSFun6ZxR,0.796,1040,50404,25323.44,0.004,13.32,276.0,sandwich_bot,
2026-04-28,LASTvjDWkbXM1RwUCiniHqGLSEH5xJinDRs56wNPQr9,0.925,12,3828,7054.9,0.041,1.25,28.0,smart_degen,
2026-04-28,DiABLotEDhe6xPv5FSTn64N5sVPWViURFJu7BfLgcfq7,1.0,299,9548,39761.19,0.05,0.23,87.0,smart_degen,
2026-04-28,EsxzsBzzuk3vWfbkpX7spabDDUHHhAqm2PxcchXYvCTu,0.469,65,716,1305.41,0.023,1.0,0.0,"smart_degen,trojan",
2026-04-28,4VaC1fJaTFgsa26TEcs5qinMTdravzywhxvpr8RUmrXw,0.307,4,570,4419.32,0.133,4.14,20.0,smart_degen,
2026-04-28,HNUE6Wej1mPhE4949vKANZYW5qDnbv4CgaahhNyuqMvi,0.603,23,2697,4056.57,0.021,24.2,,smart_degen,
2026-04-28,FjE4fajsdxowAohNztHL5MTgUEpNbuSR3QZK6tDVfh5t,0.679,22,689,5438.96,0.062,16.93,46.0,smart_degen,
2026-04-28,CT5WRRtZxsoVRBHc6art6HWrM4azWo4ofuiT853PtJTc,0.96,25,3149,19066.75,0.055,4.06,48.0,smart_degen,
2026-04-28,BGfPf1ExfmpFjaMC1f9SViP19DsEm3nNJkdFUmdBUs98,0.643,5,53,6515.97,1.031,42.48,5.0,"fresh_wallet,smart_degen",
2026-04-28,ARC5JvKVCcnitPgTmmqV9xc1FJUPB43AEWPU1iMdYM7k,0.5,275,4849,31001.96,0.078,13.88,167.0,"axiom,gmgn,padre,smart_degen",
